pages,queries
https://mainlinesurveys.co.uk/utility-survey/barnet,utility surveys barnet
https://mainlinesurveys.co.uk/utility-survey/surbiton,utility surveyors surbiton
https://mainlinesurveys.co.uk/utility-survey/harrow,utility surveyors harrow
https://mainlinesurveys.co.uk/utility-survey/uxbridge,utility survey uxbridge
https://mainlinesurveys.co.uk/utility-survey/bromley,utility survey bromley common
https://mainlinesurveys.co.uk/measured-building-survey/barnet,measured building surveyors barnet
https://mainlinesurveys.co.uk/drone-building-inspection/wandsworth,drone surveys wandsworth london
https://mainlinesurveys.co.uk/drone-building-inspection/esher,drone surveys esher london
https://mainlinesurveys.co.uk/drone-construction-survey/epsom,drone surveys epsom
https://mainlinesurveys.co.uk/drone-roof-inspection/colchester,drone survey colchester